214,urbantrail91,urbantrail91@hackstack.io,2024-08-24 09:47:57
215,urbanorbit65,urbanorbit65@hackstack.io,2025-03-22 07:01:56
216,vividgarden17,vividgarden17@acme.dev,2025-11-03 01:59:53
217,warmmeadow69,warmmeadow69@example.com,2025-10-07 02:05:34
218,keenjourney53,keenjourney53@example.com,2024-05-30 12:44:23
219,goldjourney83,goldjourney83@acme.dev,2025-12-06 17:27:53
220,warmnetwork85,warmnetwork85@relay.cloud,2025-08-10 20:50:51
221,livelyvalley22,livelyvalley22@acme.dev,2024-10-16 17:47:59
222,opalanchor65,opalanchor65@example.com,2025-06-20 18:25:31
223,silverisland23,silverisland23@acme.dev,2025-03-11 16:50:34
224,livelyvalley04,livelyvalley04@opswise.net,2025-10-21 13:49:38
