id,username,email,created_at
1,jadeanchor74,jadeanchor74@seeded.app,2025-02-15 07:28:54
2,youngengine13,youngengine13@seeded.app,2025-09-14 03:10:00
3,ivorysignal92,ivorysignal92@opswise.net,2025-01-29 16:41:03
4,tidypioneer38,tidypioneer38@seeded.app,2024-02-16 04:21:52
5,calmzenith66,calmzenith66@opswise.net,2024-05-02 15:52:46
6,urbansignal99,urbansignal99@acme.dev,2024-06-06 03:34:17
7,rapidharvest12,rapidharvest12@seeded.app,2025-07-03 17:39:57
8,ivoryorbit57,ivoryorbit57@acme.dev,2025-06-06 17:44:17
9,youngcanyon28,youngcanyon28@seeded.app,2024-03-29 19:26:27
10,jadeuplink47,jadeuplink47@hackstack.io,2025-12-03 20:04:50
11,livelyjourney87,livelyjourney87@acme.dev,2024-11-25 15:08:44
12,clearmeadow89,clearmeadow89@seeded.app,2025-11-19 17:47:17
13,goldgarden98,goldgarden98@hackstack.io,2024-08-01 02:27:25
14,ivorybeacon38,ivorybeacon38@relay.cloud,2024-04-07 02:44:06
15,ivorygarden38,ivorygarden38@relay.cloud,2024-12-30 01:22:25
16,keennetwork08,keennetwork08@opswise.net,2024-02-04 00:30:19
17,rapidgarden64,rapidgarden64@hackstack.io,2025-11-02 13:14:01
18,youngpioneer15,youngpioneer15@hackstack.io,2025-09-30 16:56:50
19,younglagoon63,younglagoon63@acme.dev,2024-10-28 09:26:50
20,dawnlagoon30,dawnlagoon30@acme.dev,2026-01-15 09:59:50
21,dawnharvest97,dawnharvest97@relay.cloud,2025-06-25 03:58:32
22,silverorbit38,silverorbit38@hackstack.io,2024-02-01 05:18:18
23,ivorymeadow25,ivorymeadow25@acme.dev,2024-10-28 21:36:34
24,proudlagoon64,proudlagoon64@example.com,2024-03-10 06:20:38
25,proudquartz63,proudquartz63@example.com,2024-02-07 10:51:36
26,ivorycanyon71,ivorycanyon71@opswise.net,2024-05-25 11:49:30
27,opalgarden54,opalgarden54@hackstack.io,2024-03-18 15:31:59
28,rapidzenith72,rapidzenith72@opswise.net,2025-07-30 16:01:11
29,warmbeacon41,warmbeacon41@example.com,2024-03-20 14:56:20
30,briskyard73,briskyard73@relay.cloud,2024-06-26 20:59:15
31,ivoryisland67,ivoryisland67@seeded.app,2025-09-21 17:38:18
32,tidyriver21,tidyriver21@example.com,2024-03-28 23:09:52
33,warmfield13,warmfield13@acme.dev,2024-03-23 02:20:02
34,keenmeadow62,keenmeadow62@opswise.net,2025-02-06 21:44:46
35,opalnetwork41,opalnetwork41@hackstack.io,2025-11-08 17:05:10
36,warmzenith14,warmzenith14@example.com,2025-03-03 13:36:18
37,calmuplink43,calmuplink43@hackstack.io,2025-05-25 21:26:05
38,warmvalley63,warmvalley63@relay.cloud,2025-11-06 13:57:58
39,amberanchor38,amberanchor38@relay.cloud,2025-09-30 08:30:07
40,calmengine51,calmengine51@relay.cloud,2025-02-03 11:33:31
41,keendelta16,keendelta16@acme.dev,2024-07-09 22:45:26
42,cobaltanchor71,cobaltanchor71@relay.cloud,2024-02-25 16:16:43
43,jadekernel40,jadekernel40@hackstack.io,2024-08-14 01:14:39
44,harborisland55,harborisland55@example.com,2024-06-22 04:26:43
45,amberharvest81,amberharvest81@relay.cloud,2025-01-10 13:24:14
46,harborisland31,harborisland31@acme.dev,2024-04-30 10:54:39
47,harborengine83,harborengine83@example.com,2024-04-08 12:19:42
48,keenmeadow55,keenmeadow55@example.com,2024-08-23 06:45:28
49,jadevalley24,jadevalley24@relay.cloud,2024-02-01 18:25:22
50,cobaltriver34,cobaltriver34@relay.cloud,2025-12-23 11:21:57
51,keenvalley11,keenvalley11@opswise.net,2025-08-08 00:28:30
52,briskharvest87,briskharvest87@relay.cloud,2024-03-05 18:00:08
53,amberbeacon03,amberbeacon03@hackstack.io,2025-09-22 07:22:27
54,golduplink30,golduplink30@hackstack.io,2025-09-22 00:11:16
55,ivorylagoon89,ivorylagoon89@opswise.net,2024-01-22 22:11:31
56,silvernetwork87,silvernetwork87@relay.cloud,2024-11-10 03:54:46
57,embercanyon81,embercanyon81@acme.dev,2024-08-01 06:45:24
58,dawnsignal19,dawnsignal19@acme.dev,2025-03-28 10:28:54
59,navyquartz06,navyquartz06@example.com,2025-09-29 23:57:14
60,urbananchor92,urbananchor92@opswise.net,2025-06-18 15:19:49
61,rapidriver41,rapidriver41@relay.cloud,2025-04-10 17:28:31
62,briskvalley22,briskvalley22@opswise.net,2024-10-05 05:56:06
63,navyharvest62,navyharvest62@acme.dev,2024-02-27 00:35:04
64,jadezenith27,jadezenith27@relay.cloud,2025-02-02 19:32:06
65,cleartrail00,cleartrail00@example.com,2025-12-12 09:51:24
66,tidyriver70,tidyriver70@hackstack.io,2025-12-26 12:41:13
67,warmbeacon94,warmbeacon94@example.com,2024-12-11 06:21:28
68,ivorybeacon10,ivorybeacon10@hackstack.io,2024-12-04 00:50:07
69,emberanchor52,emberanchor52@acme.dev,2025-07-27 08:37:01
70,mellowisland25,mellowisland25@seeded.app,2025-04-02 00:18:09
71,dawnanchor22,dawnanchor22@example.com,2024-07-11 23:08:44
72,proudyard58,proudyard58@seeded.app,2025-08-28 21:28:36
73,navyyard34,navyyard34@example.com,2025-09-03 08:38:09
74,opaltrail15,opaltrail15@example.com,2026-01-06 23:30:15
75,emberanchor14,emberanchor14@hackstack.io,2025-05-19 11:20:11
76,rapidmeadow41,rapidmeadow41@opswise.net,2024-09-06 23:20:27
77,livelybeacon02,livelybeacon02@acme.dev,2024-05-21 15:48:24
78,harborharvest39,harborharvest39@example.com,2024-08-27 07:56:16
79,ivorygarden62,ivorygarden62@opswise.net,2024-08-01 11:31:09
80,navydelta06,navydelta06@relay.cloud,2024-01-08 13:59:43
81,livelyengine71,livelyengine71@opswise.net,2025-01-17 08:10:53
82,opalbeacon63,opalbeacon63@relay.cloud,2025-07-20 21:49:20
83,emberanchor29,emberanchor29@acme.dev,2024-05-26 12:44:51
84,youngengine10,youngengine10@example.com,2025-11-20 20:44:12
85,vividisland51,vividisland51@example.com,2025-12-03 20:43:21
86,quietharvest65,quietharvest65@opswise.net,2024-07-10 16:38:17
87,goldkernel14,goldkernel14@relay.cloud,2024-05-29 08:22:51
88,harbororbit50,harbororbit50@relay.cloud,2024-10-28 00:34:19
89,forestbeacon38,forestbeacon38@seeded.app,2025-03-27 13:54:45
90,navyuplink28,navyuplink28@example.com,2025-03-28 18:37:50
91,briskzenith40,briskzenith40@hackstack.io,2025-01-19 07:17:53
92,tidyjourney57,tidyjourney57@seeded.app,2025-08-18 15:38:01
93,clearkernel22,clearkernel22@example.com,2025-02-13 16:52:16
94,calmanchor17,calmanchor17@acme.dev,2024-03-20 07:09:52
95,tidyisland08,tidyisland08@relay.cloud,2024-10-05 04:50:26
96,mellowcanyon74,mellowcanyon74@relay.cloud,2024-06-06 18:44:48
97,mellowengine87,mellowengine87@relay.cloud,2025-12-30 12:02:54
98,emberisland16,emberisland16@example.com,2025-06-06 13:54:08
99,quietbeacon09,quietbeacon09@opswise.net,2024-12-22 19:30:03
100,vividtrail69,vividtrail69@acme.dev,2024-01-07 13:59:17
101,livelyanchor91,livelyanchor91@relay.cloud,2024-11-05 22:54:03
102,prouduplink40,prouduplink40@seeded.app,2025-02-18 08:04:31
103,forestengine49,forestengine49@opswise.net,2025-11-27 22:37:35
104,harborwindow67,harborwindow67@opswise.net,2024-09-19 04:59:30
105,urbanjourney44,urbanjourney44@relay.cloud,2025-05-18 17:15:03
106,quiettrail05,quiettrail05@relay.cloud,2025-06-19 06:28:36
107,cobaltcanyon29,cobaltcanyon29@opswise.net,2024-06-29 17:31:01
108,ambersignal80,ambersignal80@seeded.app,2024-09-04 15:58:53
109,rapidisland53,rapidisland53@opswise.net,2024-04-21 09:49:01
110,briskriver56,briskriver56@example.com,2026-01-08 10:19:47
111,ivoryharvest00,ivoryharvest00@acme.dev,2025-01-13 08:15:30
112,harboruplink14,harboruplink14@example.com,2024-11-22 07:16:43
113,cobaltuplink16,cobaltuplink16@relay.cloud,2025-06-27 14:03:52
114,harborisland64,harborisland64@seeded.app,2025-03-06 06:41:28
115,tidydelta31,tidydelta31@relay.cloud,2024-11-19 05:53:18
116,opalnetwork88,opalnetwork88@relay.cloud,2025-09-27 23:46:51
117,tidyvalley43,tidyvalley43@relay.cloud,2024-01-10 16:05:54
118,navysignal92,navysignal92@example.com,2025-07-22 21:35:49
119,rapidnetwork73,rapidnetwork73@opswise.net,2025-12-25 21:52:52
120,tidygarden20,tidygarden20@seeded.app,2025-11-29 09:50:13
121,briskuplink07,briskuplink07@relay.cloud,2024-05-31 13:08:41
122,harborsignal35,harborsignal35@relay.cloud,2024-12-26 12:25:34
123,rapidwindow51,rapidwindow51@example.com,2024-10-13 22:40:23
124,cobaltyard15,cobaltyard15@relay.cloud,2025-05-07 01:22:36
125,opalcanyon71,opalcanyon71@relay.cloud,2025-04-18 07:58:49
126,briskcanyon64,briskcanyon64@relay.cloud,2024-06-26 21:16:40
127,jadebeacon67,jadebeacon67@acme.dev,2025-06-20 07:28:59
128,proudwindow34,proudwindow34@hackstack.io,2024-02-10 08:07:04
129,emberorbit02,emberorbit02@acme.dev,2025-10-02 15:32:45
130,calmjourney05,calmjourney05@seeded.app,2025-08-12 04:54:30
131,emberuplink22,emberuplink22@hackstack.io,2025-10-04 12:08:27
132,ivorywindow07,ivorywindow07@seeded.app,2024-04-18 04:12:52
133,amberquartz39,amberquartz39@relay.cloud,2024-06-06 01:36:19
134,ivorygarden21,ivorygarden21@seeded.app,2024-10-26 03:24:15
135,calmengine14,calmengine14@relay.cloud,2024-08-05 06:13:53
136,amberfield15,amberfield15@opswise.net,2024-01-27 21:44:02
137,harborgarden63,harborgarden63@seeded.app,2025-12-10 11:14:12
138,goldwindow98,goldwindow98@acme.dev,2024-04-04 06:16:08
139,emberriver94,emberriver94@hackstack.io,2025-07-21 03:00:19
140,harboryard74,harboryard74@opswise.net,2024-12-28 03:39:47
141,dawnbeacon89,dawnbeacon89@seeded.app,2025-12-01 08:34:46
142,jaderiver93,jaderiver93@acme.dev,2024-10-15 08:11:00
143,urbannetwork58,urbannetwork58@example.com,2024-12-01 17:55:08
144,keenriver31,keenriver31@seeded.app,2024-02-12 21:09:48
145,opalharvest86,opalharvest86@seeded.app,2024-01-31 06:57:32
146,urbanquartz24,urbanquartz24@hackstack.io,2024-02-03 02:42:36
147,goldengine58,goldengine58@opswise.net,2024-06-24 14:00:40
148,tidyengine26,tidyengine26@opswise.net,2024-06-09 08:23:13
149,urbannetwork00,urbannetwork00@opswise.net,2025-11-08 15:46:56
150,emberbeacon57,emberbeacon57@example.com,2025-05-10 15:55:03
151,dawngarden30,dawngarden30@acme.dev,2024-10-09 12:20:49
152,rapidwindow99,rapidwindow99@hackstack.io,2024-03-25 04:04:04
153,dawnjourney93,dawnjourney93@example.com,2025-01-02 19:53:22
154,quietnetwork69,quietnetwork69@acme.dev,2024-05-18 05:47:52
155,goldquartz29,goldquartz29@opswise.net,2026-02-01 08:53:15
156,briskmeadow87,briskmeadow87@acme.dev,2024-08-27 19:06:21
157,livelypioneer38,livelypioneer38@acme.dev,2025-01-29 17:43:30
158,briskharvest58,briskharvest58@relay.cloud,2025-04-25 09:03:37
159,urbanvalley09,urbanvalley09@opswise.net,2025-02-16 03:13:32
160,clearnetwork91,clearnetwork91@seeded.app,2024-12-19 19:11:49
161,navyanchor00,navyanchor00@seeded.app,2024-12-06 09:15:28
162,urbanharvest45,urbanharvest45@opswise.net,2024-09-30 03:28:42
163,forestgarden63,forestgarden63@seeded.app,2025-05-03 13:03:02
164,amberisland31,amberisland31@example.com,2024-12-11 20:51:32
165,livelykernel77,livelykernel77@seeded.app,2026-01-29 15:05:23
166,dawnsignal84,dawnsignal84@relay.cloud,2025-03-12 18:11:03
167,jadepioneer56,jadepioneer56@acme.dev,2024-07-17 15:10:12
168,ivorysignal15,ivorysignal15@relay.cloud,2024-08-31 08:26:54
169,warmgarden73,warmgarden73@acme.dev,2025-08-24 11:06:43
170,tidytrail95,tidytrail95@relay.cloud,2024-07-14 10:47:07
171,forestquartz35,forestquartz35@seeded.app,2024-04-24 02:56:10
172,opalmeadow24,opalmeadow24@relay.cloud,2025-03-23 17:01:00
173,cobaltlagoon44,cobaltlagoon44@relay.cloud,2025-05-28 12:03:30
174,tidyquartz37,tidyquartz37@example.com,2024-11-13 21:07:14
175,silvergarden95,silvergarden95@hackstack.io,2025-06-18 19:40:59
176,clearyard18,clearyard18@relay.cloud,2026-01-05 13:46:17
177,tidyorbit12,tidyorbit12@opswise.net,2025-09-19 22:54:43
178,livelymeadow36,livelymeadow36@relay.cloud,2024-12-16 11:48:29
179,vividisland23,vividisland23@seeded.app,2024-01-04 09:11:42
180,vividdelta35,vividdelta35@opswise.net,2025-11-12 20:59:15
181,jadecanyon49,jadecanyon49@relay.cloud,2024-04-15 15:13:56
182,quietfield43,quietfield43@example.com,2024-10-30 23:44:53
183,warmanchor22,warmanchor22@acme.dev,2025-07-16 06:00:30
184,opalisland97,opalisland97@seeded.app,2025-04-08 13:30:01
185,urbananchor38,urbananchor38@relay.cloud,2025-12-10 10:09:04
186,silvercanyon59,silvercanyon59@opswise.net,2025-04-16 04:45:52
187,dawnlagoon71,dawnlagoon71@opswise.net,2024-02-03 22:42:15
188,youngcanyon97,youngcanyon97@acme.dev,2024-09-09 22:45:33
189,warmcanyon84,warmcanyon84@relay.cloud,2025-03-05 18:08:50
190,dawnuplink45,dawnuplink45@acme.dev,2024-11-02 19:15:32
191,jadewindow42,jadewindow42@relay.cloud,2024-06-13 10:37:25
192,vividengine51,vividengine51@hackstack.io,2024-09-04 21:01:00
193,rapidsignal58,rapidsignal58@acme.dev,2025-08-01 02:32:05
194,silverisland85,silverisland85@example.com,2026-01-11 10:28:17
195,cobaltyard40,cobaltyard40@example.com,2025-02-13 20:31:04
196,rapidriver45,rapidriver45@acme.dev,2025-12-31 18:59:44
197,goldharvest89,goldharvest89@example.com,2024-10-09 14:01:57
198,emberjourney19,emberjourney19@example.com,2025-08-23 18:05:18
199,silverbeacon56,silverbeacon56@example.com,2024-09-05 01:35:33
200,golddelta94,golddelta94@relay.cloud,2024-11-05 07:01:51
201,keenisland84,keenisland84@opswise.net,2025-09-08 09:28:18
202,ivoryvalley03,ivoryvalley03@opswise.net,2024-01-06 11:26:25
203,rapidwindow63,rapidwindow63@seeded.app,2025-12-26 03:23:34
204,warmyard22,warmyard22@example.com,2024-12-02 01:35:23
205,ambervalley27,ambervalley27@acme.dev,2025-02-27 10:58:54
206,clearsignal14,clearsignal14@hackstack.io,2025-12-30 17:43:30
207,goldnetwork66,goldnetwork66@relay.cloud,2024-12-22 02:36:15
208,navytrail53,navytrail53@hackstack.io,2025-06-11 07:43:15
209,vividlagoon72,vividlagoon72@relay.cloud,2025-06-08 17:59:20
210,mellowtrail50,mellowtrail50@relay.cloud,2025-08-06 18:29:14
211,tidydelta07,tidydelta07@relay.cloud,2025-12-31 23:59:54
212,calmtrail41,calmtrail41@opswise.net,2024-02-28 07:24:54
213,clearuplink16,clearuplink16@seeded.app,2025-11-25 09:21:30
214,urbantrail91,urbantrail91@hackstack.io,2024-08-24 09:47:57
215,urbanorbit65,urbanorbit65@hackstack.io,2025-03-22 07:01:56
216,vividgarden17,vividgarden17@acme.dev,2025-11-03 01:59:53
217,warmmeadow69,warmmeadow69@example.com,2025-10-07 02:05:34
218,keenjourney53,keenjourney53@example.com,2024-05-30 12:44:23
219,goldjourney83,goldjourney83@acme.dev,2025-12-06 17:27:53
220,warmnetwork85,warmnetwork85@relay.cloud,2025-08-10 20:50:51
221,livelyvalley22,livelyvalley22@acme.dev,2024-10-16 17:47:59
222,opalanchor65,opalanchor65@example.com,2025-06-20 18:25:31
223,silverisland23,silverisland23@acme.dev,2025-03-11 16:50:34
224,livelyvalley04,livelyvalley04@opswise.net,2025-10-21 13:49:38
225,mellowvalley76,mellowvalley76@hackstack.io,2024-01-01 09:18:59
226,tidyjourney01,tidyjourney01@hackstack.io,2025-06-21 14:11:08
227,calmorbit91,calmorbit91@hackstack.io,2024-05-18 05:46:43
228,forestbeacon10,forestbeacon10@opswise.net,2026-01-27 14:20:57
229,forestquartz27,forestquartz27@hackstack.io,2025-01-21 16:24:53
230,keenvalley54,keenvalley54@hackstack.io,2024-04-07 13:54:11
231,navyharvest38,navyharvest38@acme.dev,2025-10-30 03:12:38
232,clearsignal35,clearsignal35@example.com,2025-12-04 14:33:23
233,urbanwindow00,urbanwindow00@hackstack.io,2024-12-07 16:42:21
234,mellowisland83,mellowisland83@example.com,2024-07-02 16:03:43
235,navycanyon52,navycanyon52@relay.cloud,2025-08-14 06:03:49
236,youngengine20,youngengine20@seeded.app,2026-01-15 08:20:47
237,urbanwindow59,urbanwindow59@example.com,2024-02-16 12:58:38
238,livelyuplink50,livelyuplink50@seeded.app,2024-11-05 19:58:31
239,silvermeadow27,silvermeadow27@relay.cloud,2025-03-15 00:22:38
240,opalisland85,opalisland85@seeded.app,2024-03-10 15:32:20
241,warmzenith71,warmzenith71@hackstack.io,2024-04-01 03:30:56
242,mellowyard17,mellowyard17@relay.cloud,2025-08-14 09:29:11
243,calmorbit38,calmorbit38@hackstack.io,2025-07-04 17:33:19
244,opalnetwork66,opalnetwork66@hackstack.io,2024-10-10 12:28:57
245,quietcanyon41,quietcanyon41@opswise.net,2024-07-25 07:33:24
246,opalbeacon19,opalbeacon19@seeded.app,2025-02-17 07:25:49
247,tidynetwork78,tidynetwork78@example.com,2026-01-23 04:20:49
248,amberpioneer06,amberpioneer06@opswise.net,2025-06-14 02:17:01
249,goldharvest74,goldharvest74@example.com,2026-01-12 23:41:44
250,mellowdelta99,mellowdelta99@example.com,2025-12-24 05:22:05
251,livelysignal33,livelysignal33@seeded.app,2025-06-27 12:56:07
252,navyorbit55,navyorbit55@hackstack.io,2024-10-29 15:30:37
253,keenharvest19,keenharvest19@opswise.net,2024-06-08 08:24:44
254,forestjourney39,forestjourney39@opswise.net,2025-03-03 01:07:06
255,warmharvest71,warmharvest71@acme.dev,2024-04-16 18:48:44
256,goldyard70,goldyard70@hackstack.io,2024-04-06 20:20:00
257,navyzenith96,navyzenith96@example.com,2024-08-12 23:05:56
258,keenriver01,keenriver01@relay.cloud,2024-10-08 22:20:40
259,dawnuplink76,dawnuplink76@seeded.app,2024-04-11 22:09:00
260,ivorygarden62,ivorygarden62@seeded.app,2024-09-11 08:46:03
261,forestgarden04,forestgarden04@opswise.net,2025-12-24 15:24:53
262,ivoryvalley58,ivoryvalley58@relay.cloud,2025-01-20 09:47:07
263,jadewindow62,jadewindow62@opswise.net,2024-02-25 09:19:21
264,opalwindow67,opalwindow67@opswise.net,2024-04-17 05:30:21
265,brisksignal49,brisksignal49@relay.cloud,2024-10-19 00:18:56
266,proudwindow58,proudwindow58@seeded.app,2025-10-26 00:12:36
267,youngcanyon43,youngcanyon43@acme.dev,2024-10-05 20:04:40
268,forestmeadow31,forestmeadow31@acme.dev,2025-06-17 01:27:07
269,clearengine23,clearengine23@example.com,2025-05-24 01:15:52
270,forestvalley51,forestvalley51@relay.cloud,2026-01-12 10:07:01
271,clearkernel10,clearkernel10@relay.cloud,2024-02-26 14:54:36
272,silvercanyon97,silvercanyon97@example.com,2025-04-06 07:09:14
273,vividbeacon99,vividbeacon99@relay.cloud,2024-04-11 13:02:57
274,calmquartz30,calmquartz30@opswise.net,2024-10-29 16:57:09
275,mellowpioneer81,mellowpioneer81@example.com,2025-08-31 06:22:43
276,tidydelta62,tidydelta62@opswise.net,2026-01-25 15:25:10
277,cobaltvalley07,cobaltvalley07@opswise.net,2024-11-07 18:45:22
278,clearwindow69,clearwindow69@acme.dev,2024-05-30 16:05:29
279,harborgarden40,harborgarden40@acme.dev,2025-04-26 08:52:18
280,warmsignal44,warmsignal44@relay.cloud,2024-04-07 00:52:56
281,urbantrail93,urbantrail93@example.com,2024-01-16 23:06:22
282,calmkernel37,calmkernel37@hackstack.io,2024-10-31 06:43:36
283,goldengine30,goldengine30@seeded.app,2024-06-07 23:52:24
284,ivoryquartz37,ivoryquartz37@opswise.net,2024-06-28 08:45:11
285,urbanjourney98,urbanjourney98@relay.cloud,2024-04-21 13:15:25
286,vividriver15,vividriver15@acme.dev,2025-01-23 00:53:51
287,clearmeadow66,clearmeadow66@example.com,2025-02-24 19:22:01
288,vividpioneer21,vividpioneer21@example.com,2025-10-31 07:03:49
289,quietkernel55,quietkernel55@example.com,2024-08-22 14:50:19
290,tidyanchor98,tidyanchor98@opswise.net,2025-10-31 22:52:05
291,goldvalley50,goldvalley50@opswise.net,2024-09-26 22:24:45
292,youngyard14,youngyard14@example.com,2024-05-24 13:55:58
293,youngkernel88,youngkernel88@acme.dev,2024-07-31 22:52:22
294,briskdelta34,briskdelta34@seeded.app,2024-01-20 01:48:25
295,proudwindow66,proudwindow66@acme.dev,2024-04-06 11:08:40
296,embertrail89,embertrail89@seeded.app,2025-06-26 00:04:55
297,cobaltfield18,cobaltfield18@hackstack.io,2024-01-13 18:36:17
298,harborengine34,harborengine34@hackstack.io,2024-11-14 22:43:12
299,opalriver61,opalriver61@opswise.net,2025-01-08 08:03:55
300,keenisland83,keenisland83@relay.cloud,2024-01-02 22:57:34
301,proudharvest83,proudharvest83@hackstack.io,2025-01-28 16:24:40
302,quietwindow09,quietwindow09@seeded.app,2024-04-12 10:00:20
303,jadelagoon30,jadelagoon30@example.com,2024-11-04 19:37:55
304,silverorbit22,silverorbit22@opswise.net,2025-06-09 14:19:23
305,opalzenith42,opalzenith42@relay.cloud,2025-01-02 20:23:19
306,harborharvest88,harborharvest88@opswise.net,2024-11-01 06:59:47
307,tidyvalley64,tidyvalley64@acme.dev,2025-09-10 14:53:42
308,urbanorbit37,urbanorbit37@hackstack.io,2024-06-09 06:33:42
309,urbankernel01,urbankernel01@opswise.net,2025-09-07 09:52:50
310,melloworbit37,melloworbit37@opswise.net,2025-03-24 22:23:12
311,livelykernel97,livelykernel97@opswise.net,2025-09-01 05:14:25
312,proudengine40,proudengine40@example.com,2025-03-27 23:46:19
313,jadesignal15,jadesignal15@relay.cloud,2024-10-30 20:16:23
314,quietvalley83,quietvalley83@acme.dev,2025-08-03 17:01:14
315,keenanchor65,keenanchor65@seeded.app,2025-12-22 00:49:59
316,warmdelta13,warmdelta13@example.com,2024-03-15 01:34:04
317,rapidisland63,rapidisland63@opswise.net,2025-08-10 23:42:11
318,keenbeacon53,keenbeacon53@hackstack.io,2024-12-20 17:14:50
319,urbanyard68,urbanyard68@acme.dev,2024-11-26 21:20:19
320,forestharvest32,forestharvest32@acme.dev,2025-12-16 18:59:46
321,clearisland71,clearisland71@relay.cloud,2024-05-05 14:14:00
322,calmyard47,calmyard47@hackstack.io,2025-04-19 16:21:14
323,cobaltgarden30,cobaltgarden30@seeded.app,2025-09-08 13:58:24
324,cobaltpioneer67,cobaltpioneer67@acme.dev,2025-02-05 02:07:23
325,jadenetwork23,jadenetwork23@relay.cloud,2024-10-03 00:11:33
326,goldbeacon04,goldbeacon04@relay.cloud,2024-04-06 23:40:23
327,keenisland33,keenisland33@seeded.app,2025-07-29 19:01:33
328,youngorbit03,youngorbit03@relay.cloud,2025-12-09 16:36:02
329,clearlagoon61,clearlagoon61@relay.cloud,2025-03-18 07:45:46
330,tidybeacon10,tidybeacon10@hackstack.io,2024-05-01 00:41:06
331,prouduplink96,prouduplink96@acme.dev,2025-10-29 02:28:50
332,mellowvalley68,mellowvalley68@example.com,2025-12-02 12:06:49
333,tidysignal89,tidysignal89@acme.dev,2025-08-12 17:40:49
334,quietlagoon95,quietlagoon95@hackstack.io,2025-04-23 07:58:10
335,quietyard67,quietyard67@example.com,2024-06-15 04:54:01
336,tidyquartz02,tidyquartz02@hackstack.io,2024-04-10 05:10:19
337,rapidmeadow93,rapidmeadow93@relay.cloud,2025-04-20 05:37:22
338,proudlagoon18,proudlagoon18@acme.dev,2025-08-07 06:26:20
339,vividmeadow85,vividmeadow85@seeded.app,2024-10-17 23:45:51
340,navyfield39,navyfield39@opswise.net,2026-01-07 16:03:44
341,urbankernel46,urbankernel46@hackstack.io,2025-09-10 11:49:14
342,navyisland04,navyisland04@hackstack.io,2025-06-04 05:12:07
343,briskanchor73,briskanchor73@relay.cloud,2025-10-04 18:45:56
344,rapidorbit71,rapidorbit71@hackstack.io,2025-07-03 18:25:55
345,jadenetwork09,jadenetwork09@example.com,2024-05-09 21:02:18
346,ivorydelta99,ivorydelta99@seeded.app,2025-04-02 23:51:54
347,jadeuplink45,jadeuplink45@acme.dev,2024-05-13 07:00:41
348,ivoryharvest71,ivoryharvest71@acme.dev,2025-04-23 11:04:13
349,cleartrail54,cleartrail54@seeded.app,2025-12-02 15:48:43
350,jadefield97,jadefield97@seeded.app,2024-03-01 16:15:31
351,youngzenith34,youngzenith34@hackstack.io,2025-08-25 21:42:27
352,embernetwork31,embernetwork31@opswise.net,2024-03-05 09:34:33
353,briskcanyon97,briskcanyon97@opswise.net,2024-05-23 22:50:22
354,silveranchor12,silveranchor12@relay.cloud,2025-09-15 15:36:49
355,urbanmeadow63,urbanmeadow63@seeded.app,2025-02-04 17:28:50
356,opalorbit61,opalorbit61@acme.dev,2024-02-15 07:47:09
357,younganchor77,younganchor77@hackstack.io,2024-01-24 00:12:48
358,dawntrail51,dawntrail51@opswise.net,2024-11-25 03:43:34
359,warmwindow00,warmwindow00@relay.cloud,2024-12-14 08:13:47
360,clearwindow00,clearwindow00@hackstack.io,2024-11-16 19:26:29
361,quietkernel02,quietkernel02@opswise.net,2026-01-31 14:11:36
362,ivorymeadow98,ivorymeadow98@hackstack.io,2024-07-29 02:30:51
363,quietzenith71,quietzenith71@seeded.app,2025-12-15 00:34:22
364,youngsignal35,youngsignal35@seeded.app,2025-12-09 08:20:29
365,keenjourney75,keenjourney75@relay.cloud,2024-05-30 23:09:39
366,jadeuplink58,jadeuplink58@hackstack.io,2025-05-06 01:13:04
367,forestwindow18,forestwindow18@relay.cloud,2025-09-17 21:41:51
368,ivoryjourney33,ivoryjourney33@example.com,2025-05-06 01:41:22
369,clearvalley37,clearvalley37@example.com,2025-09-27 21:11:01
370,mellowzenith41,mellowzenith41@seeded.app,2024-10-11 14:56:56
371,harbordelta45,harbordelta45@opswise.net,2025-02-28 18:03:51
372,brisknetwork08,brisknetwork08@acme.dev,2024-01-18 21:59:53
373,keenwindow88,keenwindow88@relay.cloud,2024-08-26 05:36:49
374,harborpioneer46,harborpioneer46@hackstack.io,2024-08-11 11:13:10
375,clearmeadow82,clearmeadow82@hackstack.io,2025-05-21 21:58:55
376,jadesignal21,jadesignal21@example.com,2024-02-17 06:37:09
377,livelywindow35,livelywindow35@hackstack.io,2025-06-28 11:11:13
378,harboryard87,harboryard87@seeded.app,2024-12-26 16:23:44
379,amberyard25,amberyard25@example.com,2025-10-05 20:38:21
380,calmuplink98,calmuplink98@opswise.net,2024-03-06 11:01:07
381,navyengine98,navyengine98@opswise.net,2025-06-20 14:10:34
382,proudvalley34,proudvalley34@opswise.net,2025-03-18 08:18:42
383,brisktrail79,brisktrail79@hackstack.io,2024-05-15 04:40:35
384,rapidbeacon96,rapidbeacon96@seeded.app,2024-09-07 08:14:12
385,forestsignal23,forestsignal23@acme.dev,2025-01-01 15:20:51
386,livelyriver32,livelyriver32@relay.cloud,2025-02-11 15:46:18
387,livelyfield59,livelyfield59@hackstack.io,2026-02-01 06:55:08
388,livelyisland02,livelyisland02@opswise.net,2025-06-05 11:55:46
389,livelyuplink18,livelyuplink18@opswise.net,2024-07-09 05:18:29
390,harborlagoon73,harborlagoon73@example.com,2024-03-29 05:51:14
391,briskdelta89,briskdelta89@relay.cloud,2025-12-15 07:03:58
392,warmharvest01,warmharvest01@relay.cloud,2025-11-10 16:27:58
393,goldbeacon93,goldbeacon93@opswise.net,2024-09-21 22:40:37
394,urbanbeacon74,urbanbeacon74@seeded.app,2024-02-06 03:29:36
395,dawnbeacon60,dawnbeacon60@relay.cloud,2024-06-27 21:54:44
396,clearsignal25,clearsignal25@opswise.net,2024-04-14 08:19:31
397,keenfield63,keenfield63@relay.cloud,2025-04-15 12:14:24
398,cobaltyard38,cobaltyard38@example.com,2024-04-15 03:24:18
399,calmsignal58,calmsignal58@acme.dev,2025-01-23 08:42:37
400,keenquartz77,keenquartz77@acme.dev,2025-12-30 02:45:17
